{
  "global_cpu_info": {
    "cpu_usage": 3.8400466,
    "name": "cpu",
    "vendor_id": "",
    "brand": "",
    "frequency": 0
  },
  "cpus": [
    {
      "cpu_usage": 0.0,
      "name": "cpu0",
      "vendor_id": "AuthenticAMD",
      "brand": "AMD Ryzen 7 7840H with Radeon 780M Graphics",
      "frequency": 3792
    },
    {
      "cpu_usage": 0.0,
      "name": "cpu1",
      "vendor_id": "AuthenticAMD",
      "brand": "AMD Ryzen 7 7840H with Radeon 780M Graphics",
      "frequency": 3792
    },
    {
      "cpu_usage": 0.0,
      "name": "cpu2",
      "vendor_id": "AuthenticAMD",
      "brand": "AMD Ryzen 7 7840H with Radeon 780M Graphics",
      "frequency": 3792
    },
    {
      "cpu_usage": 0.0,
      "name": "cpu3",
      "vendor_id": "AuthenticAMD",
      "brand": "AMD Ryzen 7 7840H with Radeon 780M Graphics",
      "frequency": 3792
    },
    {
      "cpu_usage": 0.0,
      "name": "cpu4",
      "vendor_id": "AuthenticAMD",
      "brand": "AMD Ryzen 7 7840H with Radeon 780M Graphics",
      "frequency": 3792
    },
    {
      "cpu_usage": 0.0,
      "name": "cpu5",
      "vendor_id": "AuthenticAMD",
      "brand": "AMD Ryzen 7 7840H with Radeon 780M Graphics",
      "frequency": 3792
    },
    {
      "cpu_usage": 0.0,
      "name": "cpu6",
      "vendor_id": "AuthenticAMD",
      "brand": "AMD Ryzen 7 7840H with Radeon 780M Graphics",
      "frequency": 3792
    },
    {
      "cpu_usage": 0.0,
      "name": "cpu7",
      "vendor_id": "AuthenticAMD",
      "brand": "AMD Ryzen 7 7840H with Radeon 780M Graphics",
      "frequency": 3792
    },
    {
      "cpu_usage": 0.0,
      "name": "cpu8",
      "vendor_id": "AuthenticAMD",
      "brand": "AMD Ryzen 7 7840H with Radeon 780M Graphics",
      "frequency": 3792
    },
    {
      "cpu_usage": 0.0,
      "name": "cpu9",
      "vendor_id": "AuthenticAMD",
      "brand": "AMD Ryzen 7 7840H with Radeon 780M Graphics",
      "frequency": 3792
    },
    {
      "cpu_usage": 0.0,
      "name": "cpu10",
      "vendor_id": "AuthenticAMD",
      "brand": "AMD Ryzen 7 7840H with Radeon 780M Graphics",
      "frequency": 3792
    },
    {
      "cpu_usage": 0.0,
      "name": "cpu11",
      "vendor_id": "AuthenticAMD",
      "brand": "AMD Ryzen 7 7840H with Radeon 780M Graphics",
      "frequency": 3792
    },
    {
      "cpu_usage": 0.0,
      "name": "cpu12",
      "vendor_id": "AuthenticAMD",
      "brand": "AMD Ryzen 7 7840H with Radeon 780M Graphics",
      "frequency": 3792
    },
    {
      "cpu_usage": 0.0,
      "name": "cpu13",
      "vendor_id": "AuthenticAMD",
      "brand": "AMD Ryzen 7 7840H with Radeon 780M Graphics",
      "frequency": 3792
    },
    {
      "cpu_usage": 0.0,
      "name": "cpu14",
      "vendor_id": "AuthenticAMD",
      "brand": "AMD Ryzen 7 7840H with Radeon 780M Graphics",
      "frequency": 3792
    },
    {
      "cpu_usage": 0.0,
      "name": "cpu15",
      "vendor_id": "AuthenticAMD",
      "brand": "AMD Ryzen 7 7840H with Radeon 780M Graphics",
      "frequency": 3792
    }
  ],
  "physical_core_count": 16,
  "total_memory": 8287649792,
  "free_memory": 922312704,
  "available_memory": 2474340352,
  "used_memory": 5813309440,
  "total_swap": 0,
  "free_swap": 0,
  "used_swap": 0,
  "uptime": 6909,
  "boot_time": 1724174999,
  "load_average": {
    "one": 1.6,
    "five": 1.12,
    "fifteen": 0.89
  },
  "name": "ArcoLinux",
  "kernel_version": "6.10.5-zen1-1-zen",
  "os_version": "rolling",
  "long_os_version": "Linux rolling ArcoLinux",
  "distribution_id": "arcolinux",
  "host_name": "gener-vm"
}